"Title of the product","Description of the product","Price of the product","Condition of the product","Ad Posted Date","Name of the seller"
"3 In 1 Laptop Cleaning Kit Monitor TV PC LED LCD S","Designed For: Computers, Laptops, Mobiles Safe for using on lcd surfaces. Helps restore and maintain brightness and clarity. Non-aerosol cleaner with pleasant fragrance removes fingerprints and smudges without harsh solvent. Ideal for flat panel displays, notebook computers, handheld devices and so on. Soft, lint-free microfiber cloth cleans, dries and polishes for a clear, non-streak finish. Compatible for laptop/lcd display/digital camera pda/smart phone/psp. Specifications of 3 in 1 Laptop Cl","‡§∞‡•Ç. 199","| Brand New","2 years ago","Easy Shop"
"Laptop & Monitor Cleaning Kit","Designed For: Computers, Laptops, Mobiles Safe for using on lcd surfaces. Helps restore and maintain brightness and clarity. Non-aerosol cleaner with pleasant fragrance removes fingerprints and smudges without harsh solvent. Ideal for flat panel displays, notebook computers, handheld devices and so on. Soft, lint-free microfiber cloth cleans, dries and polishes for a clear, non-streak finish. Compatible for laptop/lcd display/digital camera pda/smart phone/psp","‡§∞‡•Ç. 249","| Brand New","8 months ago","USoft Store"
"VGA Monitor Y Splitter, 1 Foot","VGA MIRROR CABLE sends an identical VGA signal to two separate VGA displays; Reliably transmits an identical signal to two separate monitors; VGA cables (sold separately) are required DUPLICATOR VGA Y-SPLITTER CABLE has a male connector that plugs directly into a computer; Two female VGA sockets on the cable connect to the VGA cables of two separate displays VIDEO RESOLUTION SUPPORT for 800√ó600 (SVGA), 1024√ó768 (XGA), 1600√ó1200 (UXGA), and 1080p for high resolution LCD and LED monitors; Audio","‡§∞‡•Ç. 800","| Brand New","5 months ago","Birendra Shrestha"
"CRT Monitor","Used one for cheap price","‡§∞‡•Ç. 800","| Used","12 months ago","Naresh Kumar Shrestha"
"Mini DisplayPort To VGA Monitor Adapter","‡§á‡§≤‡•á‡§ï‡•ç‡§ü‡•ç‡§∞‡•ã‡§®‡§ø‡§ï‡•ç‡§∏ ‡§∏‡§æ‡§Æ‡§æ‡§® ‡§™‡•ç‡§∞‡§Ø‡•ã‡§ó ‡§ó‡§∞‡•ç‡§¶‡§æ ‡§∞‡§æ‡§Æ‡•ç‡§∞‡•ã ‡§ï‡•ç‡§µ‡§æ‡§≤‡§ø‡§ü‡•Ä ‡§®‡•à ‡§™‡•ç‡§∞‡§Ø‡•ã‡§ó ‡§ó‡§∞‡•ç‡§®‡•Å‡§π‡•ã‡§∏ ‡•§ ‡§∏‡§∏‡•ç‡§§‡•ã ‡§ï‡•ç‡§µ‡§æ‡§≤‡§ø‡§ü‡•Ä‡§ï‡•ã ‡§™‡•ç‡§∞‡§Ø‡•ã‡§ó ‡§ó‡§∞‡•ç‡§¶‡§æ ‡§µ‡§ø‡§≠‡§ø‡§®‡•ç‡§® ‡§ñ‡§æ‡§≤‡•á ‡§∏‡§Æ‡§∏‡•ç‡§Ø‡§æ ‡§â‡§§‡•ç‡§™‡§®‡•ç‡§® ‡§≠‡§à ‡§≤‡•ç‡§Ø‡§æ‡§™‡§ü‡§™‡§®‡•à ‡§µ‡§ø‡§ó‡•ç‡§∞‡§® ‡§∏‡§ï‡•ç‡§õ, ‡§¨‡•á‡§≤‡•à‡§Æ‡§æ ‡§¨‡§ø‡§ö‡§æ‡§∞ ‡§ó‡§∞‡•ç‡§®‡•Å‡§π‡•ã‡§∏‡•§ Tech Store ‡§®‡•à ‡§ï‡§ø‡§® ‚Ä¢ ‡§ß‡•á‡§∞‡•à ‡§∏‡•Å‡§µ‡§ø‡§ß‡§æ ‡§è‡§â‡§ü‡•à store ‡§≠‡§ø‡§§‡•ç‡§∞ ‚Ä¢ ‡§Ü‡§´‡•ç‡§®‡•à Repairing Center ‚Ä¢ ‡§≠‡§∞‡§™‡§∞‡•ç‡§¶‡•ã On Line ‡§∏‡•Å‡§µ‡§ø‡§ß‡§æ ‚Ä¢ 1 ‡§Æ‡§π‡§ø‡§®‡§æ ‡§∏‡§Æ‡•ç‡§Æ Replacement Warranty ‚Ä¢ ‡§ï‡•Å‡§®‡•à ‡§∏‡§æ‡§Æ‡§æ‡§®‡§Æ‡§æ ‡§™‡•ç‡§∞‡§¨‡•ç‡§≤‡§Æ ‡§≠‡§è ‡§µ‡§æ ‡§®‡§ö‡§æ‡§á‡§è‡§ï‡•ã ‡§ñ‡§£‡•ç‡§°‡§Æ‡§æ ‡§µ‡§ø‡§®‡§æ ‡§ù‡§®‡•ç‡§ù‡§ü Store ‡§Æ‡•à ‡§Ü‡§è‡§∞ Replace or Cash Return ‡§ï‡•ã ‡§∏‡•Å‡§µ‡§ø‡§ß‡§æ viber/whatapp or call: 9801141865","‡§∞‡•Ç. 1,050","| Brand New","2 years ago","Tech Store"
"VGA 15 Pin (3C+6) Monitor Cable 10Meter To 30Meter","Available in 5 Cable Lengths: Prices: 10Mtr-Rs.1699 15Mtr-Rs.2199 20Mtr-Rs.3499 25Mtr-Rs.4199 30Mtr-Rs.4699 Products Features: Premium HD15 (3C+6) VGA cable. Connect between VGA source to VGA display. Support high resolution up to 1920 x 1080P. Gold-plated, bare copper wire. Made with aluminium foil shielding and ferrite beads, for the protection against EMI, RFI and other interferences. Applicable for all VGA supported devices.","‡§∞‡•Ç. 1,699","| Brand New","2 months ago","PCmag"
"DisplayPort To HDTV Monitor Cable - 3Meter","„ÄêDisplayPort to HDMI cable„Äëconnects computer to TV for audio and video streaming or to a monitor or projector; plug and play; Please Note: This is Displayport to HDMI cable, don't support HDMI to DP. It is not Bi-directional. „ÄêDP to HDMI cable supports 4Kx2K @30Hz„Äëenjoy home theater with 4K high resolution; „ÄêAudio Video Sync„ÄëDisplay port to HDMI adapter cable transmits high-definition video and audio from your computer to an HDTV for video streaming or gaming; „ÄêReliable Connectivity„ÄëGold-plated","‡§∞‡•Ç. 1,900","| Brand New","10 months ago","AB Tech"
"Monitor Sale","surry up","‡§∞‡•Ç. 2,000","| Used","1 years ago","Ram Pd Sapkota"
"Call Heart Rate Monitor Sports Smart Watch 2022 (Smart Watch & Bands)","Based on your heart rate, time asleep and restlessness, sleep score helps you better understand your sleep quality each night; also track your time in light, deep and REM sleep stages and get personal insights Control your Spotify app, download Pandora stations and add Deezer playlists (subscription required; Pandora is US only) With a larger display and an always on option, your information‚Äôs always a quick glance away (always on display requires more frequent charging) Track heart rate 24x7,","‡§∞‡•Ç. 2,233","| Brand New","1 years ago","Sujan Kumar Shrestha"
"AOC Monitor E970S 18.5 Inch","AOC moniotor 18.5 inch","‡§∞‡•Ç. 2,500","| Like New","2 months ago","C . T . G Computers"
"BenQ G615HDPL 15.6W"" LED Monitor","üì±Contact us :- WhatsApp/Viber +9779851027794/ 9813272598 Product Description: Built for viewing work documentation and the Internet, the BenQ G615HDPL features a 15.6W"" LED-backlit glare panel with an ultra-high dynamic contrast ratio of 1,000,000:1 , 16:9 100% dot-to-dot image quality, and BenQ's exclusive Senseye¬Æ Technology to offer you the best viewing quality at all times. It's your best value choice that'll keep things lookin great in your home and office!","‡§∞‡•Ç. 2,500","| Like New","1 years ago","Kathmandu Laptop Service (WhatsApp 9851027794)"
"Wireless Camara CCTV - Baby Monitor","WiFi Home Security Wireless CCTV Camera with inbuilt Mic and Night Vision","‡§∞‡•Ç. 3,000","| Like New","8 months ago","Sushmina Manandhar"
"Samsung Monitor Size 17 Inch Lcd","Samsung monitor size 17 inch lcd","‡§∞‡•Ç. 3,000","| Like New","11 months ago","SK Gupta"
"17"" Dell Lcd Monitor For Cctv And Pc","17"" Dell Lcd Monitor for cctv and pc Call@9741662270","‡§∞‡•Ç. 3,000","| Used","2 months ago","DpSharma@ComputerShop"
"ViewSonic Monitor Size 17 Inch Lcd","ViewSonic monitor size 17 inch lcd phulfres","‡§∞‡•Ç. 3,100","| Like New","6 months ago","SK Gupta"
"Fantech Monitor Stand Desk ACGD171","Product details of Fantech Monitor Stand Desk ACGD171 STURDY STRUCTURE - Built with Steel C-Clamp mount, provides a sturdy and stable structure which can withstand up to 20kg. MAXIMIZED DESK SPACE - ACGD171 adds a seperate surface for your monitor while leaving your entire desk surface clear. PREMIUM MATERIAL - Constructed with high quality durable materials, our carbon fiber surface is resistant to scratches and water damage. yet effortlessly east to maintain. ERGONOMIC DESIGN - Elevate your ho","‡§∞‡•Ç. 3,200","| Brand New","15 days ago","Bagmati Office Suppliers Https://Bagmatisuppliers.Com.Np"
"Samsung Monitor Size 17 Inch Lcd","Samsung monitor size 17 inch lcd","‡§∞‡•Ç. 3,200","| Like New","11 months ago","SK Gupta"
"Samsung Monitor","Genuine Samsung monitor 17"" LCD . Model 740 N Like new . Made in malaysia price 3200 only","‡§∞‡•Ç. 3,200","| Used","3 months ago","Private Market"
"Samsung 17"" LED Monitor","Contact us :- WhatsApp/Viber 9851027794 / 9813272598","‡§∞‡•Ç. 3,500","| Like New","1 years ago","Kathmandu Laptop Service (WhatsApp 9851027794)"
"HP Monitor Size 17 Inch Lcd","HP monitor size 17 inch lcd phulfres","‡§∞‡•Ç. 3,500","| Like New","7 months ago","SK Gupta"
"North Bayou Single Monitor Arm Desk Mount NB-F80","NB North Bayou Monitor Desk Mount Stand Full Motion Swivel Monitor Arm with Gas Spring for 17-30‚ÄùMonitors(Within 4.4lbs to 19.8lbs) Computer Monitor Stand F80 Long Extension Built-in quality Gas Spring Easy Installation Swivel Flexibility Tilt +85¬∞ and -30¬∞ 360¬∞ Rotation","‡§∞‡•Ç. 3,999","| Brand New","2 months ago","Bagmati Office Suppliers Https://Bagmatisuppliers.Com.Np"
"Dell Monitor Size 17 Inch Lcd","Dell monitor size 17 inch suare","‡§∞‡•Ç. 4,100","| Like New","2 years ago","SK Gupta"
"JD Kee 17 Inch LED Monitor With HDMI & VGA","Brand: JD Kee BRIGHTNESS : 300 CD/M2 RESOLUTION: 1024√ó768 DISPLAY COLORS : 16.7 MILLION Refresh Rate : 60Hz Screen Size : 17.3 Inches Hardware Interface : VGA, HDMI Warranty: 1 Year Price: 4200 Magic Computer Solution Newroad, Sankata, Kathmandu ‚òéÔ∏è 01-5914141, üì±9849740418, 9821807037 (Call/whatsApp/Viber) üåê https://www.magicsolution.com.np/ üåêhttps://www.facebook.com/magicsolutionnepal/","‡§∞‡•Ç. 4,200","| Brand New","11 days ago","Magic Computer Solution"
"NB North Bayou F150, 17"" To 27"" Monitor Arm","About this item Fits most 17""-27"" monitors, Support load from 2.5-7 kg VESA compliant 75x75, 100x100 mm, Upright lift distance: 6.2‚Äù (155mm) Rotation: 180¬∞, Swivel:180¬∞+, Tilt angle: +30¬∞ to -50¬∞ Desktop clamp grip range (desk thickness) - 25mm to 95mm","‡§∞‡•Ç. 4,200","| Brand New","20 days ago","Bagmati Office Suppliers Https://Bagmatisuppliers.Com.Np"
"Dell 17inch Monitor","Dell 17inch Monitor","‡§∞‡•Ç. 4,200","| Brand New","7 months ago","Bagmati Office Suppliers Https://Bagmatisuppliers.Com.Np"
"15 Inch Hitech Led Monitor With VGA & HDMI","Monitor Size : 15 inch FHD Monitor Viewing Angle : H160/V140 Max Brightness : 350cd/m2 Max Contrast Ratio : 100000:1 (DCR) Port : VGA, HDMI, Response Time : 5s Resolution : 1024X768 Colors : 16.7M (6-bit+Hi+FRC) Power Consumption : 12W","‡§∞‡•Ç. 4,499","| Brand New","2 months ago","New One IT Store"
"JD KEE MONITOR -17""","Panel Size: (19inch) Ideal resolution: 1024√ó768 Max Contrast Ratio: 10000/1(Dynamic) Pixel Pitch: 0.297(H)*0.297(V)mm Response Time: 5ms Viewing Angle: H170/V160(CR>10) Number of Colors: 16.7m FOR MORE DETAILS PLEASE CONTACT US ON 9854028092 (Whatsapp,Viber)Thank You.","‡§∞‡•Ç. 4,500","| Brand New","8 months ago","Informix Technologies"
"ZILLIAN TEC MONITOR 17""","Brand: Zillion Model: ZL1701 (17"" Monitor 4:3) 5000:1 Contrast Ratio Auto Resolution Detection 1024 X 768 HD Resolution 5ms Refresh Rate Multilingual OSD Zize: 422x104x370mm Input: 1x Vga Port FOR MORE DETAILS CONTACT ON 9854028092 (WHATSAPP,VIBER).THANK YOU","‡§∞‡•Ç. 4,500","| Brand New","8 months ago","Informix Technologies"
"NB North Bayou H80 Full Motion Monitor Desk Mount","About this item Fits: Most 17"" to 27"" Monitors & LCD/ LED TVS, Load 2Kg to 9Kg. VESA compliant 75 x 75, 100 x 100 mm Rotation 360¬∞ Swivel ¬±90¬∞ Tilt angle +85¬∞ to -30¬∞ Upright lift distance 260mm, Maximum height to centre of VESA mount 550mm Maximum extension 550mm","‡§∞‡•Ç. 4,500","| Brand New","20 days ago","Bagmati Office Suppliers Https://Bagmatisuppliers.Com.Np"
"Single Monitor Desktop Arm Mount","Fits most 17"" to 30"" Monitors. Supports monitor weights from 2 to 9 KG. VESA compliant 75 x 75, 100 x 100 mm, Upright lift distance 9.8‚Äù (260mm) Rotation 360¬∞, Swivel 180¬∞+, Tilt angle +85¬∞ to -30¬∞ Product produced only in black powder coated finish for this model.","‡§∞‡•Ç. 4,500","| Brand New","19 days ago","KathmanduTraders"
"North Bayou Single Monitor Arm Desk Mount NB-F80","UNIVERSAL: Fits Most 17‚Äù ‚Äì 30‚Äù Monitor with the load from 4.4 lbs up to 19.8 lbs, VESA compliant 75√ó75mm 100√ó100mm,while, The whole VESA Plate is 118*118mm, Extra Longer Screw & Screw spacer may be needed if your VESA hole is inside a recession area. Pls noted that VESA plate part support 360-degree rotation(Rotate it to right position as needed) FULLY ADJUSTABLE: The durable gas spring system ensure easy positioning of your monitor in any desirable position; Personalize your workstation any way","‡§∞‡•Ç. 4,500","| Brand New","7 months ago","Technoholic Nepal"
"Samsung Monitor Size 19 Lcd","Samsung monitor LCD screen size 19","‡§∞‡•Ç. 4,500","| Like New","10 months ago","SK Gupta"
"Dell 19""Monitor","dell monitor 19'"" best for office use urgent sale 9849826402","‡§∞‡•Ç. 4,500","| Like New","5 days ago","TECH VERSE SOLUTIONS"
"Asus Monitor Lcd Size 19","Asus monitor size 19 inch Lcd","‡§∞‡•Ç. 4,800","| Like New","1 years ago","SK Gupta"
"Hitech 15 Inch Monitor With VGA And HDMI Port","Panel Size: 15.6 inch 473.76√ó296.1mm (HxV) Viewing Angle H160/V140 Max Brightness: 350cd/m2 Max Contrast Ratio: 100000:1 (DCR) Port: VGA, HDMI, AC Response Time: 5s Resolution: 1024x768 Colors: 16.7M (6-bit+Hi+FRC) Consumption: 12W","‡§∞‡•Ç. 4,900","| Brand New","1 years ago","AB Tech"
"Haylou RT LS05S Smartwatch Heart Rate Monitor (Smart Watch & Bands)","Support online replacement of dial, 12 movement modes All-day heart rate monitoring, 20 days long standby Curve wrist-fitting Design More Comfortable and Stylish Latest Haylou RT LS05SHas accurate blood oxygen monitoring function(SpO2)","‡§∞‡•Ç. 4,950","| Brand New","1 years ago","AB Tech"
"Monitor Desk Mount Stand Full Motion Single","Features & details ‚òëUNIVERSAL: Fits Most 17'' - 30'' Monitor with the load from 4.4 lbs up to 19.8 lbs, VESA compliant 75√ó75mm 100√ó100mm,while, The whole VESA Plate is 118*118mm, Extra Longer Screw & Screw spacer may be needed if your VESA hole is inside a recession area. Pls noted that VESA plate part support 360-degree rotation(Rotate it to right position as needed) ‚òëFULLY ADJUSTABLE: The durable gas spring system ensure easy positioning of your monitor in any desirable position; Personalize","‡§∞‡•Ç. 4,999","| Brand New","7 months ago","Kathmandu Repairs & Suppliers (Whatsapp/V.B)"
"Hitech 15"" Monitor With VGA And HDMI Port","Panel Size: 15.6 inch 473.76√ó296.1mm (HxV) Viewing Angle H160/V140 Max Brightness: 350cd/m2 Max Contrast Ratio: 100000:1 (DCR) Port: VGA, HDMI, AC Response Time: 5s Resolution: 1024x768 Colors: 16.7M (6-bit+Hi+FRC) Consumption: 12W 1 Year","‡§∞‡•Ç. 4,999","| Brand New","2 years ago","USoft Store"
"Monitor Arm-VESA Mount For 13-32 Inch Screen NB","Weight capacity: 2kg to 9kg (4.4lbs to 19.8lbs) Monitor size: 17 inches to 27 inches VESA compatibility: 75mm x 75mm and 100mm x 100mm Tilt: +90¬∞/-45¬∞ Swivel: 180¬∞ Rotation: 360¬∞ Arm extension: 487mm (19.17 inches) Clamp thickness: Up to 88mm (3.46 inches) Cable management: Integrated Material: Aluminum alloy and plastic Color: black","‡§∞‡•Ç. 4,999","| Brand New","6 months ago","New One IT Store"
"Acer Monitor","Lcd Acer monitor 19 inch","‡§∞‡•Ç. 5,000","| Like New","1 years ago","SK Gupta"
"Monitor","LED Monitor 15"" Display VGA Port 1 Year Warranty","‡§∞‡•Ç. 5,000","| Brand New","9 months ago","TechmanDu NP (9818593599)"
"Original Dell Monitor","üì±Contact us :- WhatsApp/Viber +9779851027794/ 9813272598","‡§∞‡•Ç. 5,000","| Like New","6 months ago","Kathmandu Laptop Service (WhatsApp 9851027794)"
"Samsung Sync Master 920NW 19"" Monitor","Contact us :- WhatsApp/Viber +9779851027794/9813272598 The Sync Master 920NW 19"" Widescreen LCD Computer Display from Samsung is a flat-panel monitor featuring a thin-frame design, built with home and office use in mind. The display delivers a wide 160¬∞/160¬∞ viewing angle, a 1440 x 900 native resolution, a high 700:1 contrast ratio and a fast 5 ms response time. Note: - We Sales and Repair All Kind of Computer, Laptop, Printer, Projector, GPU, CC T.V, Data Recovery, Computer Networking.","‡§∞‡•Ç. 5,000","| Like New","1 years ago","Kathmandu Laptop Service (WhatsApp 9851027794)"
"HP Monitor","One of the newest additions to HPs redesigned line of entry-level flat panel monitors, the HP L1706 Flat Panel Monitor delivers high resolutions and business-class quality in a 17-inch flat panel monitor at a highly competitive price. 1280 x 1024 native resolution 300-nit brightness and 500:1 contrast ratio for sharp, true-to-life images Wall mountable Plug-and-play installation Energy Star compliant","‡§∞‡•Ç. 5,000","| Like New","2 years ago","Kathmandu Laptop Service (WhatsApp 9851027794)"
"Dell 19 Monitor 18.5"" LCD Monitor || LED Backlit","Display Type: LED-backlit LCD monitor / TFT active matrix Diagonal Size: 18.5"" Connectivity Interfaces: VGA (HD-15) & HDMI Panel Type: TN Aspect Ratio: 16:9 Native Resolution: 1366 x 768 Pixel Pitch: 0.3 mm Pixel Per Inch: 85","‡§∞‡•Ç. 5,100","| Brand New","2 months ago","Bagmati Office Suppliers Https://Bagmatisuppliers.Com.Np"
"Dell Monitor 19"" @9851138114","Brand: Dell Panel size: 19"" 409.8x230.4mm(HxV) Viewing Angle: H160/V140 Max Brightness: 350cd/m2 Max Contrast Ratio: 100000:1(DCR) Port: VGA, AC Response Time: 5S Resolution: 1368x768 Colours: 16.7M (6-bit+Hi+FRC) Consumption: 12W Monitor size: 48.26CM Stand by less than 0.5W","‡§∞‡•Ç. 5,199","| Brand New","1 months ago","Subodh"
"NB F80 Monitor Stand Full Motion For 17-30''Inc","About this item ‚òëUNIVERSAL: Fits Most 17'' - 30'' Monitor with the load from 4.4 lbs up to 19.8 lbs, VESA compliant 75√ó75mm 100√ó100mm,while, The whole VESA Plate is 118*118mm, Extra Longer Screw & Screw spacer may be needed if your VESA hole is inside a recession area. Pls noted that VESA plate part support 360-degree rotation(Rotate it to right position as needed) ‚òëFULLY ADJUSTABLE: The durable gas spring system ensure easy positioning of your monitor in any desirable position; Personalize your","‡§∞‡•Ç. 5,200","| Brand New","3 months ago","Tech Store"
"Zillion 18.5 Inch Monitor","Brand: Zillion 5000:1 Contrast Ratio Auto Resolution Detection 5ms Refresh Rate 17 M colors 1x VGA Port Low Power Consumption Size: 492x103x357mm Piano Shining Black","‡§∞‡•Ç. 5,300","| Brand New","1 months ago","Computer Nepal"
"Hitech Monitor 15 Incch","Hitech monitor 15.6 innchvisit our shop GIT putalisadak computer bazar contact no: 9841270385","‡§∞‡•Ç. 5,300","| Brand New","11 months ago","Dipak Kumar Subedi"
"Lg 19"" Led Monitor Exchange Sell","perfect condition ma cha only 5300 only serious buyers call viber WhatsApp exchange too","‡§∞‡•Ç. 5,300","| Used","2 years ago","Second Hand Sell Buy Exchange"
